target,model,primary_model_context,calibration_for,station,aggregation,period,observed_threshold,decision_threshold,default_f1,calibrated_f1,f1_change,true_positive,false_positive,false_negative,true_negative,precision,recall,specificity,balanced_accuracy,observed_support,predicted_support,n,observed_rate,predicted_rate,interpretation_status,calibrated_persistence_f1,calibrated_f1_difference_vs_calibrated_persistence
spei3,ridge_ar24,ridge_ar24,model,Buttala,station,1985-01/1999-12,-1.0,-0.4,0.5333333333333333,0.5957446808510638,0.062411347517730476,28,32,6,114,0.4666666666666667,0.8235294117647058,0.7808219178082192,0.8021756647864625,34,60,180,0.18888888888888888,0.3333333333333333,threshold_selection_apparent_performance,0.5116279069767442,0.0841167738743196
spei3,ridge_ar24,ridge_ar24,model,Padaviya,station,1985-01/1999-12,-1.0,-0.4,0.43137254901960786,0.5979381443298968,0.16656559531028892,29,32,7,112,0.47540983606557374,0.8055555555555556,0.7777777777777778,0.7916666666666667,36,61,180,0.2,0.3388888888888889,threshold_selection_apparent_performance,0.4827586206896552,0.11517952364024159
spei3,ridge_ar24,ridge_ar24,model,Tissamaharama,station,1985-01/1999-12,-1.0,-0.4,0.44827586206896547,0.5376344086021505,0.08935854653318503,25,34,9,112,0.423728813559322,0.7352941176470589,0.7671232876712328,0.7512087026591459,34,59,180,0.18888888888888888,0.3277777777777778,threshold_selection_apparent_performance,0.5121951219512195,0.02543928665093098
spei3,ridge_ar24,ridge_ar24,model,__macro__,equal_station_macro,1985-01/1999-12,-1.0,-0.4,0.4709939148073022,0.5771057445943704,0.10611182978706814,82,98,22,338,0.45526843876385414,0.7881263616557734,0.7752409944190766,0.7816836780374251,104,180,540,0.19259259259259257,0.3333333333333333,threshold_selection_apparent_performance,0.502193883205873,0.07491186138849737
spei3,ridge_ar24,ridge_ar24,model,__pooled__,pooled,1985-01/1999-12,-1.0,-0.4,0.4733727810650888,0.5774647887323944,0.10409200766730559,82,98,22,338,0.45555555555555555,0.7884615384615384,0.7752293577981652,0.7818454481298518,104,180,540,0.1925925925925926,0.3333333333333333,threshold_selection_apparent_performance,0.5019607843137255,0.07550400441866889
spei3,ridge_ar24,ridge_ar24,model,Buttala,station,2000-01/2019-12,-1.0,-0.4,0.5142857142857143,0.6187050359712231,0.10441932168550871,43,47,6,144,0.4777777777777778,0.8775510204081632,0.7539267015706806,0.8157388609894219,49,90,240,0.20416666666666666,0.375,post_hoc_retrospective_diagnostic,0.6250000000000001,-0.00629496402877705
spei3,ridge_ar24,ridge_ar24,model,Padaviya,station,2000-01/2019-12,-1.0,-0.4,0.5797101449275363,0.6315789473684209,0.051868802440884654,36,34,8,162,0.5142857142857142,0.8181818181818182,0.826530612244898,0.8223562152133581,44,70,240,0.18333333333333332,0.2916666666666667,post_hoc_retrospective_diagnostic,0.6407766990291263,-0.009197751660705356
spei3,ridge_ar24,ridge_ar24,model,Tissamaharama,station,2000-01/2019-12,-1.0,-0.4,0.547945205479452,0.6056338028169014,0.057688597337449354,43,47,9,141,0.4777777777777778,0.8269230769230769,0.75,0.7884615384615384,52,90,240,0.21666666666666667,0.375,post_hoc_retrospective_diagnostic,0.5862068965517242,0.01942690626517718
spei3,ridge_ar24,ridge_ar24,model,__macro__,equal_station_macro,2000-01/2019-12,-1.0,-0.4,0.5473136882309009,0.6186392620521818,0.07132557382128091,122,128,23,447,0.48994708994708996,0.8408853051710196,0.776819104605193,0.808852204888106,145,250,720,0.20138888888888887,0.34722222222222227,post_hoc_retrospective_diagnostic,0.6173278651936168,0.0013113968585649616
spei3,ridge_ar24,ridge_ar24,model,__pooled__,pooled,2000-01/2019-12,-1.0,-0.4,0.5471698113207548,0.6177215189873418,0.07055170766658703,122,128,23,447,0.488,0.8413793103448276,0.7773913043478261,0.8093853073463269,145,250,720,0.2013888888888889,0.3472222222222222,post_hoc_retrospective_diagnostic,0.6163141993957703,0.0014073195915715875
spei3,persistence,ridge_ar24,persistence,Buttala,station,1985-01/1999-12,-1.0,-0.8,0.46376811594202894,0.5116279069767442,0.04785979103471527,22,30,12,116,0.4230769230769231,0.6470588235294118,0.7945205479452054,0.7207896857373086,34,52,180,0.18888888888888888,0.28888888888888886,threshold_selection_apparent_performance,0.5116279069767442,0.0
spei3,persistence,ridge_ar24,persistence,Padaviya,station,1985-01/1999-12,-1.0,-0.8,0.4931506849315069,0.4827586206896552,-0.010392064241851684,21,30,15,114,0.4117647058823529,0.5833333333333334,0.7916666666666666,0.6875,36,51,180,0.2,0.2833333333333333,threshold_selection_apparent_performance,0.4827586206896552,0.0
spei3,persistence,ridge_ar24,persistence,Tissamaharama,station,1985-01/1999-12,-1.0,-0.8,0.43478260869565216,0.5121951219512195,0.07741251325556736,21,27,13,119,0.4375,0.6176470588235294,0.815068493150685,0.7163577759871071,34,48,180,0.18888888888888888,0.26666666666666666,threshold_selection_apparent_performance,0.5121951219512195,0.0
spei3,persistence,ridge_ar24,persistence,__macro__,equal_station_macro,1985-01/1999-12,-1.0,-0.8,0.463900469856396,0.502193883205873,0.03829341334947698,64,87,40,349,0.42411387631975866,0.6160130718954249,0.8004185692541856,0.7082158205748051,104,151,540,0.19259259259259257,0.2796296296296296,threshold_selection_apparent_performance,0.502193883205873,0.0
spei3,persistence,ridge_ar24,persistence,__pooled__,pooled,1985-01/1999-12,-1.0,-0.8,0.4644549763033175,0.5019607843137255,0.03750580801040798,64,87,40,349,0.423841059602649,0.6153846153846154,0.8004587155963303,0.7079216654904729,104,151,540,0.1925925925925926,0.2796296296296296,threshold_selection_apparent_performance,0.5019607843137255,0.0
spei3,persistence,ridge_ar24,persistence,Buttala,station,2000-01/2019-12,-1.0,-0.8,0.5510204081632653,0.6250000000000001,0.07397959183673486,35,28,14,163,0.5555555555555556,0.7142857142857143,0.8534031413612565,0.7838444278234854,49,63,240,0.20416666666666666,0.2625,post_hoc_retrospective_diagnostic,0.6250000000000001,0.0
spei3,persistence,ridge_ar24,persistence,Padaviya,station,2000-01/2019-12,-1.0,-0.8,0.6136363636363636,0.6407766990291263,0.027140335392762616,33,26,11,170,0.559322033898305,0.75,0.8673469387755102,0.8086734693877551,44,59,240,0.18333333333333332,0.24583333333333332,post_hoc_retrospective_diagnostic,0.6407766990291263,0.0
spei3,persistence,ridge_ar24,persistence,Tissamaharama,station,2000-01/2019-12,-1.0,-0.8,0.5192307692307693,0.5862068965517242,0.06697612732095493,34,30,18,158,0.53125,0.6538461538461539,0.8404255319148937,0.7471358428805237,52,64,240,0.21666666666666667,0.26666666666666666,post_hoc_retrospective_diagnostic,0.5862068965517242,0.0
spei3,persistence,ridge_ar24,persistence,__macro__,equal_station_macro,2000-01/2019-12,-1.0,-0.8,0.5612958470101327,0.6173278651936168,0.056032018183484134,102,84,43,491,0.5487091964846202,0.7060439560439561,0.8537252040172202,0.779884580030588,145,186,720,0.20138888888888887,0.2583333333333333,post_hoc_retrospective_diagnostic,0.6173278651936168,0.0
spei3,persistence,ridge_ar24,persistence,__pooled__,pooled,2000-01/2019-12,-1.0,-0.8,0.5586206896551724,0.6163141993957703,0.05769350974059784,102,84,43,491,0.5483870967741935,0.7034482758620689,0.8539130434782609,0.778680659670165,145,186,720,0.2013888888888889,0.25833333333333336,post_hoc_retrospective_diagnostic,0.6163141993957703,0.0
spei6,ridge_ar24_met24,ridge_ar24_met24,model,Buttala,station,1985-01/1999-12,-1.0,-0.7,0.6451612903225806,0.7441860465116279,0.09902475618904727,32,15,7,126,0.6808510638297872,0.8205128205128205,0.8936170212765957,0.8570649208947081,39,47,180,0.21666666666666667,0.2611111111111111,threshold_selection_apparent_performance,0.6956521739130435,0.04853387259858444
spei6,ridge_ar24_met24,ridge_ar24_met24,model,Padaviya,station,1985-01/1999-12,-1.0,-0.7,0.5797101449275363,0.7157894736842104,0.13607932875667417,34,15,12,119,0.6938775510204082,0.7391304347826086,0.8880597014925373,0.813595068137573,46,49,180,0.25555555555555554,0.2722222222222222,threshold_selection_apparent_performance,0.7115384615384616,0.004251012145748856
spei6,ridge_ar24_met24,ridge_ar24_met24,model,Tissamaharama,station,1985-01/1999-12,-1.0,-0.7,0.6031746031746033,0.7640449438202247,0.16087034064562145,34,15,6,125,0.6938775510204082,0.85,0.8928571428571429,0.8714285714285714,40,49,180,0.2222222222222222,0.2722222222222222,threshold_selection_apparent_performance,0.6808510638297872,0.08319387999043748
spei6,ridge_ar24_met24,ridge_ar24_met24,model,__macro__,equal_station_macro,1985-01/1999-12,-1.0,-0.7,0.6093486794749067,0.7413401546720211,0.1319914751971143,100,45,25,370,0.6895353886235345,0.8032144184318097,0.8915112885420919,0.8473628534869508,125,145,540,0.23148148148148148,0.26851851851851855,threshold_selection_apparent_performance,0.6960138997604308,0.04532625491159026
spei6,ridge_ar24_met24,ridge_ar24_met24,model,__pooled__,pooled,1985-01/1999-12,-1.0,-0.7,0.6082474226804123,0.7407407407407408,0.1324933180603285,100,45,25,370,0.6896551724137931,0.8,0.891566265060241,0.8457831325301205,125,145,540,0.23148148148148148,0.26851851851851855,threshold_selection_apparent_performance,0.696551724137931,0.04418901660280983
spei6,ridge_ar24_met24,ridge_ar24_met24,model,Buttala,station,2000-01/2019-12,-1.0,-0.7,0.746987951807229,0.7307692307692307,-0.016218721037998263,38,21,7,174,0.6440677966101694,0.8444444444444444,0.8923076923076924,0.8683760683760684,45,59,240,0.1875,0.24583333333333332,post_hoc_retrospective_diagnostic,0.673076923076923,0.05769230769230771
spei6,ridge_ar24_met24,ridge_ar24_met24,model,Padaviya,station,2000-01/2019-12,-1.0,-0.7,0.7250000000000001,0.7755102040816325,0.050510204081632426,38,13,9,180,0.7450980392156863,0.8085106382978723,0.9326424870466321,0.8705765626722521,47,51,240,0.19583333333333333,0.2125,post_hoc_retrospective_diagnostic,0.673076923076923,0.1024332810047095
spei6,ridge_ar24_met24,ridge_ar24_met24,model,Tissamaharama,station,2000-01/2019-12,-1.0,-0.7,0.7228915662650603,0.7547169811320754,0.03182541486701507,40,20,6,174,0.6666666666666666,0.8695652173913043,0.8969072164948454,0.8832362169430749,46,60,240,0.19166666666666668,0.25,post_hoc_retrospective_diagnostic,0.7339449541284404,0.020772027003635007
spei6,ridge_ar24_met24,ridge_ar24_met24,model,__macro__,equal_station_macro,2000-01/2019-12,-1.0,-0.7,0.7316265060240964,0.7536654719943129,0.02203896597021641,116,54,22,528,0.6852775008308408,0.8408401000445404,0.9072857986163899,0.8740629493304651,138,170,720,0.19166666666666665,0.23611111111111108,post_hoc_retrospective_diagnostic,0.6933662667607621,0.06029920523355081
spei6,ridge_ar24_met24,ridge_ar24_met24,model,__pooled__,pooled,2000-01/2019-12,-1.0,-0.7,0.7317073170731708,0.7532467532467533,0.02153943617358245,116,54,22,528,0.6823529411764706,0.8405797101449275,0.9072164948453608,0.8738981024951442,138,170,720,0.19166666666666668,0.2361111111111111,post_hoc_retrospective_diagnostic,0.694006309148265,0.059240444098488276
spei6,persistence,ridge_ar24_met24,persistence,Buttala,station,1985-01/1999-12,-1.0,-0.8,0.6666666666666666,0.6956521739130435,0.02898550724637683,32,21,7,120,0.6037735849056604,0.8205128205128205,0.851063829787234,0.8357883251500273,39,53,180,0.21666666666666667,0.29444444444444445,threshold_selection_apparent_performance,0.6956521739130435,0.0
spei6,persistence,ridge_ar24_met24,persistence,Padaviya,station,1985-01/1999-12,-1.0,-0.8,0.6739130434782609,0.7115384615384616,0.0376254180602007,37,21,9,113,0.6379310344827587,0.8043478260869565,0.8432835820895522,0.8238157040882543,46,58,180,0.25555555555555554,0.32222222222222224,threshold_selection_apparent_performance,0.7115384615384616,0.0
spei6,persistence,ridge_ar24_met24,persistence,Tissamaharama,station,1985-01/1999-12,-1.0,-0.8,0.575,0.6808510638297872,0.10585106382978726,32,22,8,118,0.5925925925925926,0.8,0.8428571428571429,0.8214285714285714,40,54,180,0.2222222222222222,0.3,threshold_selection_apparent_performance,0.6808510638297872,0.0
spei6,persistence,ridge_ar24_met24,persistence,__macro__,equal_station_macro,1985-01/1999-12,-1.0,-0.8,0.6385265700483091,0.6960138997604308,0.057487329712121595,101,64,24,351,0.6114324039936706,0.8082868821999257,0.8457348515779763,0.827010866888951,125,165,540,0.23148148148148148,0.3055555555555556,threshold_selection_apparent_performance,0.6960138997604308,0.0
spei6,persistence,ridge_ar24_met24,persistence,__pooled__,pooled,1985-01/1999-12,-1.0,-0.8,0.64,0.696551724137931,0.05655172413793097,101,64,24,351,0.6121212121212121,0.808,0.8457831325301205,0.8268915662650602,125,165,540,0.23148148148148148,0.3055555555555556,threshold_selection_apparent_performance,0.696551724137931,0.0
spei6,persistence,ridge_ar24_met24,persistence,Buttala,station,2000-01/2019-12,-1.0,-0.8,0.6666666666666666,0.673076923076923,0.0064102564102563875,35,24,10,171,0.5932203389830508,0.7777777777777778,0.8769230769230769,0.8273504273504273,45,59,240,0.1875,0.24583333333333332,post_hoc_retrospective_diagnostic,0.673076923076923,0.0
spei6,persistence,ridge_ar24_met24,persistence,Padaviya,station,2000-01/2019-12,-1.0,-0.8,0.7021276595744681,0.673076923076923,-0.029050736497545082,35,22,12,171,0.6140350877192983,0.7446808510638298,0.8860103626943006,0.8153456068790652,47,57,240,0.19583333333333333,0.2375,post_hoc_retrospective_diagnostic,0.673076923076923,0.0
spei6,persistence,ridge_ar24_met24,persistence,Tissamaharama,station,2000-01/2019-12,-1.0,-0.8,0.6956521739130435,0.7339449541284404,0.03829278021539695,40,23,6,171,0.6349206349206349,0.8695652173913043,0.8814432989690721,0.8755042581801882,46,63,240,0.19166666666666668,0.2625,post_hoc_retrospective_diagnostic,0.7339449541284404,0.0
spei6,persistence,ridge_ar24_met24,persistence,__macro__,equal_station_macro,2000-01/2019-12,-1.0,-0.8,0.6881488333847261,0.6933662667607621,0.005217433376036085,110,69,28,513,0.6140586872076613,0.7973412820776372,0.8814589128621498,0.8394000974698935,138,179,720,0.19166666666666665,0.24861111111111112,post_hoc_retrospective_diagnostic,0.6933662667607621,0.0
spei6,persistence,ridge_ar24_met24,persistence,__pooled__,pooled,2000-01/2019-12,-1.0,-0.8,0.6884057971014492,0.694006309148265,0.005600512046815775,110,69,28,513,0.6145251396648045,0.7971014492753623,0.8814432989690721,0.8392723741222172,138,179,720,0.19166666666666668,0.24861111111111112,post_hoc_retrospective_diagnostic,0.694006309148265,0.0
