outer_fold,target,station,model,n,mae,rmse,r2,pearson_r,drought_threshold,drought_support,drought_precision,drought_recall,drought_f1,drought_balanced_accuracy,severe_threshold,severe_support,severe_precision,severe_recall,severe_f1,severe_balanced_accuracy
2000-01_2004-12,spei3,Buttala,persistence,60,0.6259285759288892,0.7979262340636687,0.25844418729561325,0.6271984384020876,-1.0,14,0.5714285714285714,0.5714285714285714,0.5714285714285714,0.7204968944099379,-1.5,2,0.0,0.0,,0.4827586206896552
2000-01_2004-12,spei3,Padaviya,persistence,60,0.679881183072855,0.9043393775456658,0.17867573876637377,0.5884409737589913,-1.0,10,0.6,0.6,0.6,0.76,-1.5,5,0.2,0.2,0.20000000000000004,0.5636363636363636
2000-01_2004-12,spei3,Tissamaharama,persistence,60,0.6123212995575358,0.7870383086092445,0.2482346223876597,0.6220040501481171,-1.0,17,0.5294117647058824,0.5294117647058824,0.5294117647058824,0.6716826265389877,-1.5,2,0.0,0.0,,0.4827586206896552
2000-01_2004-12,spei3,Buttala,ridge_ar24,60,0.5125662940344753,0.6571917915345498,0.49695988848649175,0.7103670253694625,-1.0,14,0.875,0.5,0.6363636363636364,0.7391304347826086,-1.5,2,1.0,0.5,0.6666666666666666,0.75
2000-01_2004-12,spei3,Padaviya,ridge_ar24,60,0.5958042139547064,0.7590518279911136,0.42137841670519927,0.6525963596311668,-1.0,10,1.0,0.6,0.7499999999999999,0.8,-1.5,5,,0.0,,0.5
2000-01_2004-12,spei3,Tissamaharama,ridge_ar24,60,0.5014154267561246,0.646453019505611,0.49281720418954067,0.70909515799725,-1.0,17,1.0,0.47058823529411764,0.6399999999999999,0.7352941176470589,-1.5,2,0.5,0.5,0.5,0.7413793103448276
2000-01_2004-12,spei6,Buttala,persistence,60,0.4463396536512532,0.5723423356706892,0.5984605392130022,0.7963114607515129,-1.0,12,0.75,0.75,0.75,0.84375,-1.5,4,0.25,0.25,0.25,0.5982142857142857
2000-01_2004-12,spei6,Padaviya,persistence,60,0.47884275723941666,0.6305140665620981,0.5192099395011511,0.7564634827465357,-1.0,13,0.7692307692307693,0.7692307692307693,0.7692307692307693,0.8527004909983633,-1.5,2,0.0,0.0,,0.4827586206896552
2000-01_2004-12,spei6,Tissamaharama,persistence,60,0.4403767133866927,0.5606495760979137,0.5946637474965102,0.7943654274434034,-1.0,12,0.75,0.75,0.75,0.84375,-1.5,5,0.6,0.6,0.6,0.7818181818181817
2000-01_2004-12,spei6,Buttala,ridge_ar24_met24,60,0.29813634665747984,0.4139995977786854,0.7899047049099839,0.890941798521683,-1.0,12,0.9090909090909091,0.8333333333333334,0.8695652173913043,0.90625,-1.5,4,0.5,0.25,0.3333333333333333,0.6160714285714286
2000-01_2004-12,spei6,Padaviya,ridge_ar24_met24,60,0.37205737308950393,0.4878555933499428,0.7121617549827715,0.8485935759608764,-1.0,13,1.0,0.46153846153846156,0.631578947368421,0.7307692307692308,-1.5,2,0.5,0.5,0.5,0.7413793103448276
2000-01_2004-12,spei6,Tissamaharama,ridge_ar24_met24,60,0.2815823012020066,0.3940068034043764,0.7998111459120255,0.8965871255733591,-1.0,12,0.9,0.75,0.8181818181818182,0.8645833333333333,-1.5,5,0.6666666666666666,0.4,0.5,0.6909090909090909
2005-01_2009-12,spei3,Buttala,persistence,60,0.5952975914228441,0.8243447259065879,0.24845177773513827,0.6242671830414493,-1.0,10,0.6,0.6,0.6,0.76,-1.5,1,0.0,0.0,,0.4915254237288136
2005-01_2009-12,spei3,Padaviya,persistence,60,0.7131974844294623,0.9075516466789545,-0.08151394982449922,0.4599317302420365,-1.0,7,0.42857142857142855,0.42857142857142855,0.42857142857142855,0.6765498652291105,-1.5,3,0.0,0.0,,0.47368421052631576
2005-01_2009-12,spei3,Tissamaharama,persistence,60,0.5920467021394693,0.8230427135274979,0.3021144189413404,0.6506250021013485,-1.0,10,0.6,0.6,0.6,0.76,-1.5,1,0.0,0.0,,0.4915254237288136
2005-01_2009-12,spei3,Buttala,ridge_ar24,60,0.5423900483390546,0.6699933664894033,0.5035447243920518,0.7148174194551222,-1.0,10,0.3333333333333333,0.1,0.15384615384615383,0.53,-1.5,1,,0.0,,0.5
2005-01_2009-12,spei3,Padaviya,ridge_ar24,60,0.6056285982954412,0.8182019026712372,0.12095643818671997,0.48943019872553684,-1.0,7,0.0,0.0,,0.4716981132075472,-1.5,3,0.0,0.0,,0.4824561403508772
2005-01_2009-12,spei3,Tissamaharama,ridge_ar24,60,0.5331363522937184,0.6519972870790444,0.5620434217302103,0.7505201581291262,-1.0,10,1.0,0.2,0.33333333333333337,0.6,-1.5,1,,0.0,,0.5
2005-01_2009-12,spei6,Buttala,persistence,60,0.4842619704389922,0.638995823669402,0.4947119482858918,0.7490215730514669,-1.0,8,0.5,0.5,0.5,0.7115384615384616,-1.5,0,,,,
2005-01_2009-12,spei6,Padaviya,persistence,60,0.5226134020628832,0.7127521095807224,0.190339262481808,0.5998730849159896,-1.0,4,0.25,0.25,0.25,0.5982142857142857,-1.5,0,,,,
2005-01_2009-12,spei6,Tissamaharama,persistence,60,0.47578744773827786,0.6416349154384284,0.5405903647441226,0.7713239238538261,-1.0,9,0.5555555555555556,0.5555555555555556,0.5555555555555556,0.738562091503268,-1.5,0,,,,
2005-01_2009-12,spei6,Buttala,ridge_ar24_met24,60,0.33964661533480206,0.4493777961830344,0.7501000268208216,0.8687624966206507,-1.0,8,0.6666666666666666,0.5,0.5714285714285715,0.7307692307692308,-1.5,0,,,,
2005-01_2009-12,spei6,Padaviya,ridge_ar24_met24,60,0.3801571556741968,0.5676040165296883,0.4865277508146524,0.725635814678028,-1.0,4,1.0,0.25,0.4,0.625,-1.5,0,,,,
2005-01_2009-12,spei6,Tissamaharama,ridge_ar24_met24,60,0.3277896847264271,0.45168226158273583,0.772338185544918,0.8809289484623634,-1.0,9,0.75,0.6666666666666666,0.7058823529411765,0.8137254901960784,-1.5,0,,,,
2010-01_2014-12,spei3,Buttala,persistence,60,0.6009235789802513,0.7660137572663495,0.4572675852701915,0.7223531135721898,-1.0,15,0.4666666666666667,0.4666666666666667,0.4666666666666667,0.6444444444444444,-1.5,6,0.5,0.5,0.5,0.7222222222222222
2010-01_2014-12,spei3,Padaviya,persistence,60,0.6435005752648533,0.8186990319570546,0.4014963109409897,0.6986980522491322,-1.0,14,0.6428571428571429,0.6428571428571429,0.6428571428571429,0.7670807453416149,-1.5,9,0.5555555555555556,0.5555555555555556,0.5555555555555556,0.738562091503268
2010-01_2014-12,spei3,Tissamaharama,persistence,60,0.596284147888998,0.7685010205784727,0.45720745618139247,0.722985773707127,-1.0,17,0.5294117647058824,0.5294117647058824,0.5294117647058824,0.6716826265389877,-1.5,8,0.625,0.625,0.625,0.7836538461538461
2010-01_2014-12,spei3,Buttala,ridge_ar24,60,0.49719889127727174,0.6222067956263093,0.6419183039304601,0.8141397255215127,-1.0,15,0.8571428571428571,0.4,0.5454545454545455,0.6888888888888889,-1.5,6,,0.0,,0.5
2010-01_2014-12,spei3,Padaviya,ridge_ar24,60,0.5951153166167561,0.7036802314901363,0.5578506621019634,0.7635145040947029,-1.0,14,1.0,0.42857142857142855,0.6,0.7142857142857143,-1.5,9,,0.0,,0.5
2010-01_2014-12,spei3,Tissamaharama,ridge_ar24,60,0.48289129114823537,0.6100710929619899,0.6579371808917991,0.8234003599731979,-1.0,17,1.0,0.29411764705882354,0.45454545454545453,0.6470588235294118,-1.5,8,,0.0,,0.5
2010-01_2014-12,spei6,Buttala,persistence,60,0.3377775410133163,0.4616291533150992,0.8287777601661955,0.9129530351212342,-1.0,16,0.6875,0.6875,0.6875,0.7869318181818181,-1.5,7,0.8571428571428571,0.8571428571428571,0.8571428571428571,0.9191374663072776
2010-01_2014-12,spei6,Padaviya,persistence,60,0.45612013146622454,0.6411121313694175,0.679155170431244,0.8384658384563187,-1.0,15,0.7333333333333333,0.7333333333333333,0.7333333333333333,0.8222222222222222,-1.5,9,0.7777777777777778,0.7777777777777778,0.7777777777777778,0.869281045751634
2010-01_2014-12,spei6,Tissamaharama,persistence,60,0.33639102008891164,0.4556240788682423,0.8267367231716781,0.9120012078122799,-1.0,16,0.75,0.75,0.75,0.8295454545454546,-1.5,7,0.8571428571428571,0.8571428571428571,0.8571428571428571,0.9191374663072776
2010-01_2014-12,spei6,Buttala,ridge_ar24_met24,60,0.29357237644942763,0.3771424317761845,0.8857162422602286,0.9449053572626528,-1.0,16,0.8333333333333334,0.625,0.7142857142857143,0.7897727272727273,-1.5,7,1.0,0.5714285714285714,0.7272727272727273,0.7857142857142857
2010-01_2014-12,spei6,Padaviya,ridge_ar24_met24,60,0.3825630360441082,0.5229511669719163,0.7865238664875662,0.8907272919993364,-1.0,15,1.0,0.6666666666666666,0.8,0.8333333333333333,-1.5,9,1.0,0.5555555555555556,0.7142857142857143,0.7777777777777778
2010-01_2014-12,spei6,Tissamaharama,ridge_ar24_met24,60,0.28669049354117715,0.3645282775968171,0.8890938484589243,0.9461662166739687,-1.0,16,0.7692307692307693,0.625,0.6896551724137931,0.7784090909090908,-1.5,7,0.8333333333333334,0.7142857142857143,0.7692307692307692,0.8477088948787062
2015-01_2019-12,spei3,Buttala,persistence,60,0.6297182719248792,0.8371080510816605,0.45125276765446076,0.7263413765408674,-1.0,10,0.6,0.6,0.6,0.76,-1.5,3,0.6666666666666666,0.6666666666666666,0.6666666666666666,0.8245614035087718
2015-01_2019-12,spei3,Padaviya,persistence,60,0.7210615962513318,0.9625321129024289,0.4362549670572917,0.7184754027765133,-1.0,13,0.6923076923076923,0.6923076923076923,0.6923076923076923,0.8036006546644845,-1.5,12,0.75,0.75,0.75,0.84375
2015-01_2019-12,spei3,Tissamaharama,persistence,60,0.6441404341912663,0.8366275385731096,0.4276126714211874,0.7139655220511072,-1.0,8,0.375,0.375,0.375,0.6394230769230769,-1.5,2,0.5,0.5,0.5,0.7413793103448276
2015-01_2019-12,spei3,Buttala,ridge_ar24,60,0.4982027715540809,0.6327430304766568,0.686480869875343,0.8393334238416658,-1.0,10,1.0,0.4,0.5714285714285715,0.7,-1.5,3,0.5,0.3333333333333333,0.4,0.6578947368421052
2015-01_2019-12,spei3,Padaviya,ridge_ar24,60,0.6502943564487355,0.8246832974442072,0.586165522031735,0.7736483559070578,-1.0,13,0.75,0.46153846153846156,0.5714285714285714,0.70949263502455,-1.5,12,1.0,0.3333333333333333,0.5,0.6666666666666666
2015-01_2019-12,spei3,Tissamaharama,ridge_ar24,60,0.48759836424930547,0.6258129825808463,0.6797310499076527,0.8343505294106774,-1.0,8,1.0,0.5,0.6666666666666666,0.75,-1.5,2,0.0,0.0,,0.49137931034482757
2015-01_2019-12,spei6,Buttala,persistence,60,0.4136699578782112,0.56392331972997,0.7339054349500054,0.8659326364140606,-1.0,9,0.6666666666666666,0.6666666666666666,0.6666666666666666,0.803921568627451,-1.5,4,0.5,0.5,0.5,0.7321428571428572
2015-01_2019-12,spei6,Padaviya,persistence,60,0.48895885581342596,0.6233102453110512,0.748839575561737,0.8737897794798836,-1.0,15,0.7333333333333333,0.7333333333333333,0.7333333333333333,0.8222222222222222,-1.5,10,0.8,0.8,0.8000000000000002,0.88
2015-01_2019-12,spei6,Tissamaharama,persistence,60,0.3993391600230954,0.5556441598180758,0.7263401812731624,0.8618780179064293,-1.0,9,0.6666666666666666,0.6666666666666666,0.6666666666666666,0.803921568627451,-1.5,3,0.3333333333333333,0.3333333333333333,0.3333333333333333,0.6491228070175439
2015-01_2019-12,spei6,Buttala,ridge_ar24_met24,60,0.3207454615630418,0.42827031313626435,0.8465270511363626,0.9236687081252278,-1.0,9,0.8888888888888888,0.8888888888888888,0.8888888888888888,0.934640522875817,-1.5,4,0.6666666666666666,0.5,0.5714285714285715,0.7410714285714286
2015-01_2019-12,spei6,Padaviya,ridge_ar24_met24,60,0.4166821012933932,0.5385351494224572,0.8125131613671395,0.9057768011644074,-1.0,15,0.9230769230769231,0.8,0.8571428571428571,0.8888888888888888,-1.5,10,1.0,0.8,0.888888888888889,0.9
2015-01_2019-12,spei6,Tissamaharama,ridge_ar24_met24,60,0.334251243002911,0.45493967536208907,0.8165468582533961,0.905555851653143,-1.0,9,0.8571428571428571,0.6666666666666666,0.75,0.8235294117647058,-1.5,3,0.5,0.3333333333333333,0.4,0.6578947368421052
