target,model,training_start_year,outer_fold,alpha,inner_fold_station_mean_mae,candidate_scores,inner_folds,inner_validation_periods,outer_fit_end,outer_evaluation_start,outer_evaluation_end,outer_outcomes_used_for_selection
spei3,ridge_ar24,1901,2000-01_2004-12,0.0001,0.5596122983173744,"[{""alpha"": 0.0001, ""inner_fold_station_mean_mae"": 0.5596122983173744}, {""alpha"": 0.001, ""inner_fold_station_mean_mae"": 0.5596123236330972}, {""alpha"": 0.01, ""inner_fold_station_mean_mae"": 0.5596125768709693}, {""alpha"": 0.1, ""inner_fold_station_mean_mae"": 0.5596151172902594}, {""alpha"": 1.0, ""inner_fold_station_mean_mae"": 0.5596496218393201}, {""alpha"": 10.0, ""inner_fold_station_mean_mae"": 0.5605352812993147}, {""alpha"": 100.0, ""inner_fold_station_mean_mae"": 0.5782842277560628}, {""alpha"": 1000.0, ""inner_fold_station_mean_mae"": 0.6834176285520733}]",3,"[""1985-01/1989-12"", ""1990-01/1994-12"", ""1995-01/1999-12""]",1999-12,2000-01,2004-12,False
spei3,ridge_ar24,1901,2005-01_2009-12,0.0001,0.5528304355880159,"[{""alpha"": 0.0001, ""inner_fold_station_mean_mae"": 0.5528304355880159}, {""alpha"": 0.001, ""inner_fold_station_mean_mae"": 0.5528306018743433}, {""alpha"": 0.01, ""inner_fold_station_mean_mae"": 0.5528322644818974}, {""alpha"": 0.1, ""inner_fold_station_mean_mae"": 0.552848865035537}, {""alpha"": 1.0, ""inner_fold_station_mean_mae"": 0.5530123675251617}, {""alpha"": 10.0, ""inner_fold_station_mean_mae"": 0.5548787067733608}, {""alpha"": 100.0, ""inner_fold_station_mean_mae"": 0.57407658721889}, {""alpha"": 1000.0, ""inner_fold_station_mean_mae"": 0.6707906807298301}]",3,"[""1990-01/1994-12"", ""1995-01/1999-12"", ""2000-01/2004-12""]",2004-12,2005-01,2009-12,False
spei3,ridge_ar24,1901,2010-01_2014-12,10.0,0.5546204021008624,"[{""alpha"": 0.0001, ""inner_fold_station_mean_mae"": 0.5555518536002697}, {""alpha"": 0.001, ""inner_fold_station_mean_mae"": 0.5555517275524242}, {""alpha"": 0.01, ""inner_fold_station_mean_mae"": 0.5555504670853718}, {""alpha"": 0.1, ""inner_fold_station_mean_mae"": 0.5555378635716572}, {""alpha"": 1.0, ""inner_fold_station_mean_mae"": 0.55541196017106}, {""alpha"": 10.0, ""inner_fold_station_mean_mae"": 0.5546204021008624}, {""alpha"": 100.0, ""inner_fold_station_mean_mae"": 0.5611605184186889}, {""alpha"": 1000.0, ""inner_fold_station_mean_mae"": 0.6507102651961001}]",3,"[""1995-01/1999-12"", ""2000-01/2004-12"", ""2005-01/2009-12""]",2009-12,2010-01,2014-12,False
spei3,ridge_ar24,1901,2015-01_2019-12,0.0001,0.5390170084806636,"[{""alpha"": 0.0001, ""inner_fold_station_mean_mae"": 0.5390170084806636}, {""alpha"": 0.001, ""inner_fold_station_mean_mae"": 0.5390170867982932}, {""alpha"": 0.01, ""inner_fold_station_mean_mae"": 0.5390178696820875}, {""alpha"": 0.1, ""inner_fold_station_mean_mae"": 0.5390256693410547}, {""alpha"": 1.0, ""inner_fold_station_mean_mae"": 0.5391008175574732}, {""alpha"": 10.0, ""inner_fold_station_mean_mae"": 0.5398243354668387}, {""alpha"": 100.0, ""inner_fold_station_mean_mae"": 0.554227179275774}, {""alpha"": 1000.0, ""inner_fold_station_mean_mae"": 0.6567073499160951}]",3,"[""2000-01/2004-12"", ""2005-01/2009-12"", ""2010-01/2014-12""]",2014-12,2015-01,2019-12,False
spei6,ridge_ar24_met24,1901,2000-01_2004-12,100.0,0.3560798209806967,"[{""alpha"": 0.0001, ""inner_fold_station_mean_mae"": 0.4075210103857691}, {""alpha"": 0.001, ""inner_fold_station_mean_mae"": 0.4074796573604289}, {""alpha"": 0.01, ""inner_fold_station_mean_mae"": 0.40707290739139773}, {""alpha"": 0.1, ""inner_fold_station_mean_mae"": 0.4036427178183671}, {""alpha"": 1.0, ""inner_fold_station_mean_mae"": 0.3856923119442368}, {""alpha"": 10.0, ""inner_fold_station_mean_mae"": 0.35771546820235645}, {""alpha"": 100.0, ""inner_fold_station_mean_mae"": 0.3560798209806967}, {""alpha"": 1000.0, ""inner_fold_station_mean_mae"": 0.4499729402357146}]",3,"[""1985-01/1989-12"", ""1990-01/1994-12"", ""1995-01/1999-12""]",1999-12,2000-01,2004-12,False
spei6,ridge_ar24_met24,1901,2005-01_2009-12,100.0,0.34175927960165453,"[{""alpha"": 0.0001, ""inner_fold_station_mean_mae"": 0.39203688875871123}, {""alpha"": 0.001, ""inner_fold_station_mean_mae"": 0.3920096910358347}, {""alpha"": 0.01, ""inner_fold_station_mean_mae"": 0.39173956936837806}, {""alpha"": 0.1, ""inner_fold_station_mean_mae"": 0.38933561514268766}, {""alpha"": 1.0, ""inner_fold_station_mean_mae"": 0.37351229492561555}, {""alpha"": 10.0, ""inner_fold_station_mean_mae"": 0.3444434741212446}, {""alpha"": 100.0, ""inner_fold_station_mean_mae"": 0.34175927960165453}, {""alpha"": 1000.0, ""inner_fold_station_mean_mae"": 0.4292485643809638}]",3,"[""1990-01/1994-12"", ""1995-01/1999-12"", ""2000-01/2004-12""]",2004-12,2005-01,2009-12,False
spei6,ridge_ar24_met24,1901,2010-01_2014-12,100.0,0.33188660319742297,"[{""alpha"": 0.0001, ""inner_fold_station_mean_mae"": 0.3867559917777814}, {""alpha"": 0.001, ""inner_fold_station_mean_mae"": 0.38674361248638206}, {""alpha"": 0.01, ""inner_fold_station_mean_mae"": 0.3866189526068739}, {""alpha"": 0.1, ""inner_fold_station_mean_mae"": 0.38539691948142285}, {""alpha"": 1.0, ""inner_fold_station_mean_mae"": 0.3737778504452927}, {""alpha"": 10.0, ""inner_fold_station_mean_mae"": 0.34101826573299826}, {""alpha"": 100.0, ""inner_fold_station_mean_mae"": 0.33188660319742297}, {""alpha"": 1000.0, ""inner_fold_station_mean_mae"": 0.4199674892436289}]",3,"[""1995-01/1999-12"", ""2000-01/2004-12"", ""2005-01/2009-12""]",2009-12,2010-01,2014-12,False
spei6,ridge_ar24_met24,1901,2015-01_2019-12,100.0,0.32913282030212554,"[{""alpha"": 0.0001, ""inner_fold_station_mean_mae"": 0.3847023333115081}, {""alpha"": 0.001, ""inner_fold_station_mean_mae"": 0.38468739076288777}, {""alpha"": 0.01, ""inner_fold_station_mean_mae"": 0.38453793620577564}, {""alpha"": 0.1, ""inner_fold_station_mean_mae"": 0.38320534355429603}, {""alpha"": 1.0, ""inner_fold_station_mean_mae"": 0.37447803406421454}, {""alpha"": 10.0, ""inner_fold_station_mean_mae"": 0.34274768942381284}, {""alpha"": 100.0, ""inner_fold_station_mean_mae"": 0.32913282030212554}, {""alpha"": 1000.0, ""inner_fold_station_mean_mae"": 0.4232001963262311}]",3,"[""2000-01/2004-12"", ""2005-01/2009-12"", ""2010-01/2014-12""]",2014-12,2015-01,2019-12,False
spei3,ridge_ar24,1951,2000-01_2004-12,1.0,0.5685671576742733,"[{""alpha"": 0.0001, ""inner_fold_station_mean_mae"": 0.5692784750321148}, {""alpha"": 0.001, ""inner_fold_station_mean_mae"": 0.5692777694541398}, {""alpha"": 0.01, ""inner_fold_station_mean_mae"": 0.5692707194425443}, {""alpha"": 0.1, ""inner_fold_station_mean_mae"": 0.5692007916683179}, {""alpha"": 1.0, ""inner_fold_station_mean_mae"": 0.5685671576742733}, {""alpha"": 10.0, ""inner_fold_station_mean_mae"": 0.5706324879761226}, {""alpha"": 100.0, ""inner_fold_station_mean_mae"": 0.6144430497393831}, {""alpha"": 1000.0, ""inner_fold_station_mean_mae"": 0.74813641678588}]",3,"[""1985-01/1989-12"", ""1990-01/1994-12"", ""1995-01/1999-12""]",1999-12,2000-01,2004-12,False
spei3,ridge_ar24,1951,2005-01_2009-12,1.0,0.5614779945041075,"[{""alpha"": 0.0001, ""inner_fold_station_mean_mae"": 0.561600904886701}, {""alpha"": 0.001, ""inner_fold_station_mean_mae"": 0.5616007867310391}, {""alpha"": 0.01, ""inner_fold_station_mean_mae"": 0.5615996059693634}, {""alpha"": 0.1, ""inner_fold_station_mean_mae"": 0.5615878773187722}, {""alpha"": 1.0, ""inner_fold_station_mean_mae"": 0.5614779945041075}, {""alpha"": 10.0, ""inner_fold_station_mean_mae"": 0.5652145709139429}, {""alpha"": 100.0, ""inner_fold_station_mean_mae"": 0.6066117541692516}, {""alpha"": 1000.0, ""inner_fold_station_mean_mae"": 0.7216837043779427}]",3,"[""1990-01/1994-12"", ""1995-01/1999-12"", ""2000-01/2004-12""]",2004-12,2005-01,2009-12,False
spei3,ridge_ar24,1951,2010-01_2014-12,10.0,0.5576675415676257,"[{""alpha"": 0.0001, ""inner_fold_station_mean_mae"": 0.5589605252426618}, {""alpha"": 0.001, ""inner_fold_station_mean_mae"": 0.5589599825266869}, {""alpha"": 0.01, ""inner_fold_station_mean_mae"": 0.5589545572227659}, {""alpha"": 0.1, ""inner_fold_station_mean_mae"": 0.5589004886878841}, {""alpha"": 1.0, ""inner_fold_station_mean_mae"": 0.5583772479493274}, {""alpha"": 10.0, ""inner_fold_station_mean_mae"": 0.5576675415676257}, {""alpha"": 100.0, ""inner_fold_station_mean_mae"": 0.5803746894024401}, {""alpha"": 1000.0, ""inner_fold_station_mean_mae"": 0.6948404253653995}]",3,"[""1995-01/1999-12"", ""2000-01/2004-12"", ""2005-01/2009-12""]",2009-12,2010-01,2014-12,False
spei3,ridge_ar24,1951,2015-01_2019-12,0.0001,0.5387555637761584,"[{""alpha"": 0.0001, ""inner_fold_station_mean_mae"": 0.5387555637761584}, {""alpha"": 0.001, ""inner_fold_station_mean_mae"": 0.5387559090348317}, {""alpha"": 0.01, ""inner_fold_station_mean_mae"": 0.5387593591864982}, {""alpha"": 0.1, ""inner_fold_station_mean_mae"": 0.5387936185015441}, {""alpha"": 1.0, ""inner_fold_station_mean_mae"": 0.5391132326590977}, {""alpha"": 10.0, ""inner_fold_station_mean_mae"": 0.5422434233242794}, {""alpha"": 100.0, ""inner_fold_station_mean_mae"": 0.5711503220008292}, {""alpha"": 1000.0, ""inner_fold_station_mean_mae"": 0.6954827692385579}]",3,"[""2000-01/2004-12"", ""2005-01/2009-12"", ""2010-01/2014-12""]",2014-12,2015-01,2019-12,False
spei6,ridge_ar24_met24,1951,2000-01_2004-12,10.0,0.3801652570252249,"[{""alpha"": 0.0001, ""inner_fold_station_mean_mae"": 0.5080367852211298}, {""alpha"": 0.001, ""inner_fold_station_mean_mae"": 0.5076971673463984}, {""alpha"": 0.01, ""inner_fold_station_mean_mae"": 0.5045269205939823}, {""alpha"": 0.1, ""inner_fold_station_mean_mae"": 0.4840397106637055}, {""alpha"": 1.0, ""inner_fold_station_mean_mae"": 0.4292176214466149}, {""alpha"": 10.0, ""inner_fold_station_mean_mae"": 0.3801652570252249}, {""alpha"": 100.0, ""inner_fold_station_mean_mae"": 0.3809251007539842}, {""alpha"": 1000.0, ""inner_fold_station_mean_mae"": 0.5302975341401738}]",3,"[""1985-01/1989-12"", ""1990-01/1994-12"", ""1995-01/1999-12""]",1999-12,2000-01,2004-12,False
spei6,ridge_ar24_met24,1951,2005-01_2009-12,100.0,0.36781384327931044,"[{""alpha"": 0.0001, ""inner_fold_station_mean_mae"": 0.49330920296603664}, {""alpha"": 0.001, ""inner_fold_station_mean_mae"": 0.4931132452558582}, {""alpha"": 0.01, ""inner_fold_station_mean_mae"": 0.4912739831756374}, {""alpha"": 0.1, ""inner_fold_station_mean_mae"": 0.4772178810957883}, {""alpha"": 1.0, ""inner_fold_station_mean_mae"": 0.4293818620959854}, {""alpha"": 10.0, ""inner_fold_station_mean_mae"": 0.37439605888466443}, {""alpha"": 100.0, ""inner_fold_station_mean_mae"": 0.36781384327931044}, {""alpha"": 1000.0, ""inner_fold_station_mean_mae"": 0.5083841900083186}]",3,"[""1990-01/1994-12"", ""1995-01/1999-12"", ""2000-01/2004-12""]",2004-12,2005-01,2009-12,False
spei6,ridge_ar24_met24,1951,2010-01_2014-12,100.0,0.34998436620358,"[{""alpha"": 0.0001, ""inner_fold_station_mean_mae"": 0.4744861524098277}, {""alpha"": 0.001, ""inner_fold_station_mean_mae"": 0.4743461670003388}, {""alpha"": 0.01, ""inner_fold_station_mean_mae"": 0.4729705915288868}, {""alpha"": 0.1, ""inner_fold_station_mean_mae"": 0.4623431900834503}, {""alpha"": 1.0, ""inner_fold_station_mean_mae"": 0.42139090333989554}, {""alpha"": 10.0, ""inner_fold_station_mean_mae"": 0.3615124040976663}, {""alpha"": 100.0, ""inner_fold_station_mean_mae"": 0.34998436620358}, {""alpha"": 1000.0, ""inner_fold_station_mean_mae"": 0.5023627298347608}]",3,"[""1995-01/1999-12"", ""2000-01/2004-12"", ""2005-01/2009-12""]",2009-12,2010-01,2014-12,False
spei6,ridge_ar24_met24,1951,2015-01_2019-12,100.0,0.3440335962296163,"[{""alpha"": 0.0001, ""inner_fold_station_mean_mae"": 0.4362525654649473}, {""alpha"": 0.001, ""inner_fold_station_mean_mae"": 0.43617629465843355}, {""alpha"": 0.01, ""inner_fold_station_mean_mae"": 0.43543157286522993}, {""alpha"": 0.1, ""inner_fold_station_mean_mae"": 0.42943538131090353}, {""alpha"": 1.0, ""inner_fold_station_mean_mae"": 0.4034550579411957}, {""alpha"": 10.0, ""inner_fold_station_mean_mae"": 0.3568156049444787}, {""alpha"": 100.0, ""inner_fold_station_mean_mae"": 0.3440335962296163}, {""alpha"": 1000.0, ""inner_fold_station_mean_mae"": 0.5012567907409088}]",3,"[""2000-01/2004-12"", ""2005-01/2009-12"", ""2010-01/2014-12""]",2014-12,2015-01,2019-12,False
spei3,ridge_ar24,1971,2000-01_2004-12,1.0,0.5725076964394208,"[{""alpha"": 0.0001, ""inner_fold_station_mean_mae"": 0.5750300188798989}, {""alpha"": 0.001, ""inner_fold_station_mean_mae"": 0.5750269328665836}, {""alpha"": 0.01, ""inner_fold_station_mean_mae"": 0.574996144070805}, {""alpha"": 0.1, ""inner_fold_station_mean_mae"": 0.5746952153687807}, {""alpha"": 1.0, ""inner_fold_station_mean_mae"": 0.5725076964394208}, {""alpha"": 10.0, ""inner_fold_station_mean_mae"": 0.5749457915361473}, {""alpha"": 100.0, ""inner_fold_station_mean_mae"": 0.6373585863543494}, {""alpha"": 1000.0, ""inner_fold_station_mean_mae"": 0.7636943303362037}]",3,"[""1985-01/1989-12"", ""1990-01/1994-12"", ""1995-01/1999-12""]",1999-12,2000-01,2004-12,False
spei3,ridge_ar24,1971,2005-01_2009-12,1.0,0.5702968772571798,"[{""alpha"": 0.0001, ""inner_fold_station_mean_mae"": 0.5706900798458059}, {""alpha"": 0.001, ""inner_fold_station_mean_mae"": 0.5706896306580131}, {""alpha"": 0.01, ""inner_fold_station_mean_mae"": 0.5706851433357429}, {""alpha"": 0.1, ""inner_fold_station_mean_mae"": 0.5706407216140316}, {""alpha"": 1.0, ""inner_fold_station_mean_mae"": 0.5702968772571798}, {""alpha"": 10.0, ""inner_fold_station_mean_mae"": 0.5729315356957152}, {""alpha"": 100.0, ""inner_fold_station_mean_mae"": 0.6256151066268727}, {""alpha"": 1000.0, ""inner_fold_station_mean_mae"": 0.7473248691650812}]",3,"[""1990-01/1994-12"", ""1995-01/1999-12"", ""2000-01/2004-12""]",2004-12,2005-01,2009-12,False
spei3,ridge_ar24,1971,2010-01_2014-12,10.0,0.5661408472424253,"[{""alpha"": 0.0001, ""inner_fold_station_mean_mae"": 0.5710448041503164}, {""alpha"": 0.001, ""inner_fold_station_mean_mae"": 0.5710432796753189}, {""alpha"": 0.01, ""inner_fold_station_mean_mae"": 0.571028050159786}, {""alpha"": 0.1, ""inner_fold_station_mean_mae"": 0.5708772582846938}, {""alpha"": 1.0, ""inner_fold_station_mean_mae"": 0.5696176109927256}, {""alpha"": 10.0, ""inner_fold_station_mean_mae"": 0.5661408472424253}, {""alpha"": 100.0, ""inner_fold_station_mean_mae"": 0.60085274738107}, {""alpha"": 1000.0, ""inner_fold_station_mean_mae"": 0.7238193261610825}]",3,"[""1995-01/1999-12"", ""2000-01/2004-12"", ""2005-01/2009-12""]",2009-12,2010-01,2014-12,False
spei3,ridge_ar24,1971,2015-01_2019-12,0.0001,0.551131607778656,"[{""alpha"": 0.0001, ""inner_fold_station_mean_mae"": 0.551131607778656}, {""alpha"": 0.001, ""inner_fold_station_mean_mae"": 0.5511317791153394}, {""alpha"": 0.01, ""inner_fold_station_mean_mae"": 0.5511334893598451}, {""alpha"": 0.1, ""inner_fold_station_mean_mae"": 0.5511502823502782}, {""alpha"": 1.0, ""inner_fold_station_mean_mae"": 0.5514054413660099}, {""alpha"": 10.0, ""inner_fold_station_mean_mae"": 0.5544833120332724}, {""alpha"": 100.0, ""inner_fold_station_mean_mae"": 0.5918694290457}, {""alpha"": 1000.0, ""inner_fold_station_mean_mae"": 0.725240874381407}]",3,"[""2000-01/2004-12"", ""2005-01/2009-12"", ""2010-01/2014-12""]",2014-12,2015-01,2019-12,False
spei6,ridge_ar24_met24,1971,2000-01_2004-12,10.0,0.42487306671580005,"[{""alpha"": 0.0001, ""inner_fold_station_mean_mae"": 1.3261296568244}, {""alpha"": 0.001, ""inner_fold_station_mean_mae"": 1.146189089227686}, {""alpha"": 0.01, ""inner_fold_station_mean_mae"": 0.9012856960738512}, {""alpha"": 0.1, ""inner_fold_station_mean_mae"": 0.6878375733276483}, {""alpha"": 1.0, ""inner_fold_station_mean_mae"": 0.5126093809009826}, {""alpha"": 10.0, ""inner_fold_station_mean_mae"": 0.42487306671580005}, {""alpha"": 100.0, ""inner_fold_station_mean_mae"": 0.4482835695776645}, {""alpha"": 1000.0, ""inner_fold_station_mean_mae"": 0.6072775069732502}]",3,"[""1985-01/1989-12"", ""1990-01/1994-12"", ""1995-01/1999-12""]",1999-12,2000-01,2004-12,False
spei6,ridge_ar24_met24,1971,2005-01_2009-12,100.0,0.4020140439783409,"[{""alpha"": 0.0001, ""inner_fold_station_mean_mae"": 1.1927618056717006}, {""alpha"": 0.001, ""inner_fold_station_mean_mae"": 1.013677061831492}, {""alpha"": 0.01, ""inner_fold_station_mean_mae"": 0.7767590269358072}, {""alpha"": 0.1, ""inner_fold_station_mean_mae"": 0.6076159925935648}, {""alpha"": 1.0, ""inner_fold_station_mean_mae"": 0.49161181722697145}, {""alpha"": 10.0, ""inner_fold_station_mean_mae"": 0.4063694315799657}, {""alpha"": 100.0, ""inner_fold_station_mean_mae"": 0.4020140439783409}, {""alpha"": 1000.0, ""inner_fold_station_mean_mae"": 0.5796192516517531}]",3,"[""1990-01/1994-12"", ""1995-01/1999-12"", ""2000-01/2004-12""]",2004-12,2005-01,2009-12,False
spei6,ridge_ar24_met24,1971,2010-01_2014-12,100.0,0.3821124913883832,"[{""alpha"": 0.0001, ""inner_fold_station_mean_mae"": 0.6537284660367626}, {""alpha"": 0.001, ""inner_fold_station_mean_mae"": 0.6513375851756174}, {""alpha"": 0.01, ""inner_fold_station_mean_mae"": 0.6347947218551754}, {""alpha"": 0.1, ""inner_fold_station_mean_mae"": 0.582362289356177}, {""alpha"": 1.0, ""inner_fold_station_mean_mae"": 0.49768764254074466}, {""alpha"": 10.0, ""inner_fold_station_mean_mae"": 0.40186792474854716}, {""alpha"": 100.0, ""inner_fold_station_mean_mae"": 0.3821124913883832}, {""alpha"": 1000.0, ""inner_fold_station_mean_mae"": 0.5737347162571391}]",3,"[""1995-01/1999-12"", ""2000-01/2004-12"", ""2005-01/2009-12""]",2009-12,2010-01,2014-12,False
spei6,ridge_ar24_met24,1971,2015-01_2019-12,100.0,0.37137763037687993,"[{""alpha"": 0.0001, ""inner_fold_station_mean_mae"": 0.5125041956315699}, {""alpha"": 0.001, ""inner_fold_station_mean_mae"": 0.5121751691144549}, {""alpha"": 0.01, ""inner_fold_station_mean_mae"": 0.5091655227487003}, {""alpha"": 0.1, ""inner_fold_station_mean_mae"": 0.49186431574809286}, {""alpha"": 1.0, ""inner_fold_station_mean_mae"": 0.44965928291775537}, {""alpha"": 10.0, ""inner_fold_station_mean_mae"": 0.3859448962701546}, {""alpha"": 100.0, ""inner_fold_station_mean_mae"": 0.37137763037687993}, {""alpha"": 1000.0, ""inner_fold_station_mean_mae"": 0.575872231649032}]",3,"[""2000-01/2004-12"", ""2005-01/2009-12"", ""2010-01/2014-12""]",2014-12,2015-01,2019-12,False
